result	self_predict	cross_predict	overall_predict
0	-3.880779929645932	-4.460645102063021	-3.482178550704013
1	4.467870913633752	6.885735248818681	4.416954224904664
1	4.8407666952306805	6.814152144532786	4.332123866566584
0	-0.40791309761392835	-2.816710749844347	-1.0895974106393362
0	-4.571786312267784	-6.38514686427042	-4.492303179014385
1	-0.44711019283658143	-0.6853570872517266	1.1928626498738946
0	0.919347456999831	-1.594648552933931	-0.7703333540714562
1	3.7451405008774223	7.459277057322749	4.9927444635231275
1	3.4485117621530508	6.081481767551687	4.014346628212196
1	4.730042339538592	6.394010074554795	4.377038161667266
1	-1.761082300483444	1.8098348629516565	1.1215017048371376
1	4.901623200948244	6.162944797273641	4.697003973650148
0	-3.9622867511768787	-5.6677506213983015	-3.3767760398369515
1	4.2717686558489225	3.2308642169534707	2.5726519809613864
1	-1.650841808046098	-0.07791872583994068	-0.4627192010719433
1	3.6013313400461837	3.728759601202529	2.410420456929333
0	-2.2487184070489286	-4.95622472605977	-3.063768005244688
1	3.2551341249430963	5.22317559205123	3.5555510208462366
0	2.124864805482266	3.1506892824198633	-0.29003939875081025
1	1.4222497521723212	2.2641500532422323	0.4356320728235878
0	-4.513833872851045	-5.7629655143389895	-4.474839491366363
0	-0.18159627155843047	-2.2517362892372086	-0.4426690995675954
0	-2.2359689158984897	-4.33976190518849	-2.3232915931063487
0	-3.6135517960269516	-7.143469723865532	-4.073510617061655
0	2.502190608432924	4.686681136481643	0.4503547800905693
1	1.2553213018839027	0.5434783878405536	0.17827223489943927
0	-1.7067575010919913	-3.8510193425794745	-2.4549069049487033
1	2.926796171400858	-0.8299412553068883	1.2385940613405884
0	-2.9992291550663306	-5.43584468159827	-3.266159185085265
1	3.7632996936530994	5.8596714084674035	3.6046266644988796
0	-2.075560762270343	-3.045866156002913	-2.6824346494260145
1	4.323947881536713	5.430474644603235	3.8688609164663412
1	4.641778788227193	7.5701850609585035	4.697227541066035
0	2.6462958876781126	-1.4991506578329679	-0.46949005762947243
1	4.862015187858506	6.2307411575231395	5.011979172682982
1	-1.5675089413379053	-3.517431761947505	-1.731120178792691
1	-1.1974247008663723	-1.4874787255520994	-1.369487124509603
0	-3.6683038065193743	-1.690058049767364	-2.487309935491789
1	4.1400846497741774	5.792279819408374	2.9839344950794837
1	1.4061586338632086	2.446492347781976	2.540479844897667
0	2.4302890299205155	2.781213792567861	1.468719748040648
1	3.685757088085033	6.202944355515202	4.138326284864175
1	4.8603910775548655	6.377654634591978	4.633334988343746
1	-1.9494195363070106	0.0067821053116417515	0.06741107216362602
1	2.006973191987804	4.526852802342567	1.6349843080895619
1	2.1863347013876453	-1.2021456818725242	-0.6308646771611265
0	-2.586351133255549	-3.0071539555094398	-2.7643901038492635
0	-2.0646090575412206	-5.433348296658651	-3.1355485709455375
0	-1.4983198533576438	-4.0910331917639375	-2.7391116209177366
0	-3.2300660785293545	-4.8614048280418265	-3.503849078393493
0	-2.1540693379541684	-1.0402142178516407	-1.088238729864706
0	-2.9174379668706503	-5.983917567016193	-2.854258021949993
1	0.6345343132198454	0.7926854109320057	0.18684981775913764
0	-2.348430769351144	-5.778792662460981	-3.3805549026944193
1	1.842724686729598	1.9178320139227365	1.3391287705472188
0	-3.517415361789084	-3.5854565274037937	-3.615582110480211
1	1.2270757124511786	-0.8155125508907751	-0.2658493333303189
0	-4.882250041938981	0.6050851231305896	-4.310343794909276
1	4.082622603623735	6.048892583405703	3.65567141232259
0	-3.4508973632031585	-3.643350843631871	-3.3368188145149964
1	3.875763782616614	3.780814342664642	2.340898949926631
0	-2.2204268967954124	-5.502468217390509	-1.6873705750990402
0	0.12513411685965456	-1.765673331289586	-2.0128247935777845
0	-2.0152513071605482	-5.706446748845329	-2.7413220774995817
0	-4.537290868056497	-5.761143166846088	-4.050599784061999
1	2.7723237115913286	1.2357708830620027	1.0016330336094108
0	-3.3943336787739136	-6.631700381342284	-2.7969161794477784
1	2.694871739390383	3.0082563926667847	1.5301622832313218
0	-1.375778159892674	-2.0600542854157777	-2.758153758282779
0	2.999684859573746	4.025447954520971	1.4083664585231057
0	1.227542392092857	3.0845916220022986	1.732515478905566
0	-3.511731304009232	-4.627161151035444	-4.818343851781107
1	4.962684100059923	6.305777855901144	4.575203339325975
0	-1.8124762288847505	-1.4076070505773306	-1.9485577954490894
0	-3.243642294099208	-6.725470660338054	-4.408049245818066
1	4.872630168422025	5.822285907151875	4.088178670173352
1	3.5998603754749596	7.165831159515405	2.6131240524370134
0	-3.6789219248277387	-4.751825590035634	-3.32607398300527
1	1.3514574923957219	2.359641962332118	1.735322138635956
1	4.155219082815016	6.721662973160485	3.9988054462147566
1	4.746224490856028	5.547009564150941	4.120181913102906
0	-2.6580885585700793	-4.094091482406072	-2.723330419261412
1	0.4849095816853852	0.020828139992549084	-0.03768856378486752
0	-4.852399216516669	-6.753967635298134	-4.35875005188967
0	-4.4226053486159005	-5.327068855716143	-3.828851945480022
1	3.244159783607171	4.3668892900504765	3.3022573854153903
0	-1.4227564414105485	-2.7176024267917622	-2.1599364611795115
0	-3.6796386573772613	-6.073814606668757	-3.564395184565875
0	-4.199570805521629	-3.063840971837389	-5.163749969089312
0	-0.9767574654139727	-1.2198906284102013	-1.5579981539582515
1	3.532104901267616	3.9553775840678864	2.2701118890723753
0	-4.427750529702975	-5.4479006438551245	-3.5769818588404827
0	-1.0636009436816054	-5.48956516133166	-2.6505812595837845
1	5.09738774299151	6.668940703116297	4.635761863187374
0	-2.654063462530023	-4.331608645571022	-2.284714664850066
0	-2.9569655122847944	-5.0687776727428275	-3.0893656093323623
1	4.314574717060903	5.686986983575364	4.704285842003104
0	-2.842325140402069	-2.874647754766395	-3.707193201816416
1	5.017413897950722	5.20241570371706	4.285690812503746
1	-1.624931280462672	-2.7080272790892588	-1.6414998233364038
1	1.3143594739188815	3.75817819861274	1.2006065517658269
1	3.6351723415271264	4.856689974805656	2.7769053691583236
1	3.1956979037021003	4.555196588625583	2.546181535336833
1	1.2089003707375456	-2.926579377186414	0.8725055488569422
1	-1.3144113320158206	-4.070061823541315	-1.9753886322234364
1	4.004663982314333	4.100886899517884	3.551793572316228
1	-0.057758982234766616	0.3497664442642057	0.37304930723968566
0	-2.0684901038807495	-2.5995502054398867	-2.561974836585293
0	-3.966993005990911	-2.5158766301983815	-1.8107299386660882
0	-3.0888800911433214	-3.983049306138652	-2.4377006519591413
0	-2.2095104019072855	-5.814683409676997	-2.2150954480789244
1	4.695059230220911	6.674090562720724	3.8484329732279425
1	3.3857626379578827	3.3058871097322404	0.9669158680730444
0	0.2920009034606545	-1.5344269098092949	-0.6661270113818578
0	1.6491580411131685	1.4319529646628524	0.9375243524630421
0	0.06163477538040562	0.33307186517929277	-1.8463191087654345
0	-3.589751937195838	-5.9747611590613685	-3.7972633964149005
1	3.8469225195266064	6.13333273898762	4.422855271674551
1	-1.2949618252573802	-2.1563836276277923	-0.8667172207711522
0	-1.1156092085051503	-2.1708884210023904	-1.7135534870322457
1	1.3283914980092082	4.4861339202111035	1.809701611839686
1	4.021754020881109	6.095035933035708	4.048577116937022
1	3.8806933717522947	2.0464016816883244	1.4110436434784315
1	5.078474797062402	6.164090258077584	4.521891366254786
0	0.9957834301591079	1.23094266112522	-1.6277657803669323
0	-1.8235853490898406	-5.2456797662888315	-3.816308801610265
1	2.620625399663822	4.371555776139372	1.7477999591889661
0	-1.8508345182902037	-0.8930430393075337	-0.4181784834115413
1	4.597057864764342	5.328868171122043	4.035863931647217
1	4.174065222104263	4.911474133970782	3.6275036498200177
0	1.252952990644746	0.31808721412422986	-1.1716705630160993
0	-1.9352944416461835	-0.8213769860226094	-1.9520279384642623
0	-4.839616380114642	-3.925674058480506	-5.375383932177038
1	3.4232073403468286	1.5487281440565455	2.7629006981852813
0	-5.463466494157725	-6.056158546013605	-4.185858389656784
1	3.99735934060893	6.157456921088109	3.5405074745717995
1	0.9022479923659297	0.33713527578991653	0.14855797322155265
1	3.228378980330245	1.0571636404885298	1.0204255202055161
1	4.426861259738978	6.074585240740366	4.046738340694916
1	0.9802336716673483	-4.270857621909679	-0.9849749462659163
1	4.74327454063985	6.606932442214342	4.264136755471498
1	-1.79547832301638	-0.8508225905267198	-1.1411055927156097
1	2.4209405364171643	2.1020848613385454	1.0757635605516263
1	-0.10939722007438483	-3.6309205022642286	-1.3679353592891517
1	2.561112126266835	2.365642833075243	2.6651221458522594
0	-4.234968959577479	-6.793203587184101	-3.537136275350974
1	3.448342484459871	4.701047742046102	2.8395783710151825
0	-3.451884941030935	-6.40534512211964	-3.6637842736692545
1	3.400355045661768	3.9489325775871897	2.062536019325413
1	4.2936784844773275	6.126056837462542	4.233594293414147
0	2.3380874380811187	-3.194889202715696	-0.7097818558910102
1	2.95235785005689	1.4906586245231503	2.182063194085038
0	-3.718119932466645	-0.6613606662063276	-3.090034353827385
0	-3.889927497316535	-5.647471122228459	-3.678010217048012
1	3.3280602228706813	4.686177907329556	4.310623798794319
0	-3.0752242391339	-6.09616945863899	-3.371891793524306
1	2.5623294709448	2.8710839778884516	2.1586276700783946
1	3.208344099492706	5.9312825476464255	2.0785171724355576
0	2.5075404968447024	4.427046470722314	0.8680290661676685
1	1.881689984631552	0.9883179401325368	1.0502696858068938
0	-1.742577913642788	-3.472367645719094	-2.451371128567196
0	-3.970623647407982	-4.6802739549204455	-3.368440717590664
1	2.219379315195989	3.1754263077154024	1.101454601574665
1	4.351341489538797	5.767614082156924	4.120999162615043
0	2.0068077532246384	-2.097084915115689	-1.7219723920202799
0	0.16539657367196367	1.49855230412126	-0.7202716284499291
1	3.4885579500225496	5.900664154156381	3.211265731934732
1	2.9862484124925666	6.070719359146849	2.62121092891282
0	-0.9299951450486613	-2.2389060716760154	-1.3032221826812516
0	0.22326817684224048	-0.8660939273207005	0.10669989875545773
0	-1.5596288310060424	-3.062851569047369	-1.3693155882576753
1	4.94008364531091	5.853014667970867	4.508768648110756
0	-3.4652356147507244	-8.196263833356705	-4.91704760045653
1	3.6392447053014996	6.221630934198977	3.2079520336577696
0	-0.6572403824650245	-1.1732650251682153	-1.7179479612317807
0	-3.3718261127131006	-6.52283942194029	-3.5000016127475213
1	4.901623200948244	6.665559622554842	4.278320203385534
1	4.024803605170442	6.109161743080164	3.216412732475761
0	-1.1768688029639247	-1.4615196922785416	-3.2491523711726513
1	2.6791831742622927	2.9471259136688275	2.077800743350024
0	-3.4174469728742034	-5.6531666006520105	-2.9133070599577287
1	3.079660403454205	4.147466084816316	2.2871182253630233
1	2.3105236890010454	2.6701764011060245	2.1213547340036025
1	4.824231187290324	5.86388735931859	4.099562245250864
1	2.667716775187368	5.399857774959764	3.985755703995946
1	2.529353631047896	5.37138250133373	2.781057602134176
1	1.8124473217191799	-1.3513499283916734	3.7585398418795
0	-5.24017858471463	-5.8907903359499825	-3.987517727363913
1	3.677358719974293	4.541169541141171	3.5572118897975398
0	-4.348030511514433	-6.315493527046892	-4.916275516733631
0	-1.9799998179176028	-6.112052064955409	-3.349148006512344
0	-3.5871554883679786	-6.383024277126893	-3.7645683324625483
0	-3.416974211409643	-5.590070815793251	-5.044448779951241
0	-3.908373885151871	-4.664999821390975	-3.470039743555167
1	2.573989980283832	-0.02836542103760138	0.5369361240994642
0	-1.41693441318011	-2.1721197906989405	-2.461113197865386
1	2.504692769856217	4.527798314971877	2.3027807987648274
0	-3.23199092038748	-6.092292465360245	-2.6182524320497067
0	-1.638323615386108	-1.8940841209721382	-0.7202771044149585
0	0.6761413839122747	-1.0194052412004622	-0.38076010046539327
0	-3.229118071326758	-4.917948685174007	-3.0183064748701898
0	-4.08791960382427	-4.53668235547498	-3.610049729236803
1	3.5266118380925997	6.06037555722988	4.0194487172949565
0	-2.4754016752603616	-5.015349373413541	-2.301950342328867
1	1.704851981344293	0.9832090260402389	-0.4157167778540202
1	4.7378057369445825	5.420577685573792	4.270593329119591
1	-1.0006423999569973	-1.0317864462195088	-1.414314735500943
0	0.21636970566962252	-1.2537880482518826	-1.64285557208743
0	-0.4642485636193358	-5.914491578920907	-2.397166393833848
1	4.016584503438816	5.8246972854482415	4.514882776530254
0	-4.84619571558431	-6.295101588944247	-4.409582357464871
1	4.007950498236832	5.399488578510005	3.671311797503154
0	-0.878068729965592	-2.417168016801244	-1.706616438556945
0	1.5606295024890415	0.7968799545976732	-0.7335975813347905
1	3.8985040274490497	6.512918124109108	4.0596786096053155
1	4.786118697311804	6.084364239074419	4.325427644478672
0	-4.976750782296424	-6.918609043840465	-4.309674975377383
1	4.441991816013351	4.856672215295158	3.8566728857644064
0	-3.98025840990184	-5.91646869673304	-3.643919741544014
0	0.23833917802276908	-1.390320177467272	0.24657155112378887
0	-1.262866484587515	0.8328456546781748	-1.5591940057306413
1	1.5040628126553286	-0.7082332113079788	1.1366833565390846
0	-2.2321826520747248	-2.877633215668974	-2.556846198554295
1	0.1917354122677394	-0.7541146842987555	0.24017149518485575
1	4.381606658254886	7.47509460054482	3.4620936859386715
0	-3.0384767985936842	-5.362754652843268	-4.115482343496176
1	2.869935569734979	3.7490391280982207	2.862880983978003
1	2.801929327627524	6.332991025651671	3.9368099043687566
1	-0.9412799706738189	-1.6022017298836995	-1.1245577667762632
1	1.9027045870537787	3.583565701024766	4.351352935457021
1	3.373923155945301	4.9270143711509045	4.154177425525137
0	-4.1524210090798155	-6.457072882181715	-3.467034733615315
1	4.7181813546203974	5.72045316516527	4.5630811534682785
0	-3.868654038715318	-5.290926295252048	-2.665468164291198
0	-4.748303354372642	-5.997140472317413	-3.4644794436007644
1	4.947630840705946	6.05404458000662	4.80131457224909
0	-3.5078618917271807	-4.598496226779952	-3.0927469851906118
1	2.672280404209538	3.601254524609009	2.5673062480464774
0	2.519777686366422	6.350237085725126	2.0070191268462585
0	-2.945437178654902	-6.387001539897823	-3.509797937369515
0	-2.971181946102779	-5.897438607182645	-4.486812539720427
0	-3.8442412467501734	-5.177487865936169	-4.084752462773715
1	4.779037860337961	6.125664012572087	4.294559961527865
0	-2.5635939355587167	-4.588966168961803	-3.955401476671602
0	-3.226140568635352	-4.507356777214987	-3.4895618057236217
0	-1.8131410631007632	-4.749535701315913	-1.3554116843052302
0	-3.200483992711383	-7.395472155230583	-4.271599709262664
1	3.05369197528702	6.470037456983475	4.89347643878584
0	-4.2821193407706675	-6.014694914424307	-4.410225285996381
0	-3.504838375809808	-5.693477244708315	-2.955751114716157
0	2.2681392817965595	-0.15907558133214544	-0.5359222296210494
1	-2.3230419124263157	-4.382930544003197	-2.139186636411729
0	-3.815320615841926	-7.42486346889613	-5.0408997576781545
0	-3.717141780083831	-5.56458140470086	-3.1866582208487495
1	4.120155008777723	7.451638961123294	4.940718075379174
0	-0.9951839727613337	-2.38415253988476	-3.2735713367131543
0	-4.0259744494347	-4.688209860408498	-3.5966229135698686
0	-2.028875392602347	-3.006710439078433	-2.055676740427287
1	3.5608972247753536	6.744943495875661	3.6533618326327733
0	-2.8446091953190895	-6.173210888185939	-2.8832642327264244
1	4.011526137968246	7.5488736214518255	4.555129533812214
1	-1.6546653081163292	-3.9437466316886995	-1.340492015371848
1	3.753510618957465	4.899242839467176	3.7439512826075343
1	3.0178652333199123	2.179465096544811	1.2269452356047585
1	2.8756702585320717	4.5532081192356975	3.5344972526283347
1	2.6034603819841364	5.673227144464699	2.701930400164202
0	-3.680239352039832	-3.0004204667352816	-3.209035655754942
0	-0.42693046362025106	-5.223868125250702	-1.3397796884733553
1	3.013219833289226	3.1522910584576445	1.9134937772942593
0	-3.401944460869457	-5.730525009183096	-3.7476071247550857
0	-4.870752470602289	-6.0501956367391	-4.1044273816391055
0	-3.9450140165496013	-1.8745770915624669	-2.26916810018597
0	-1.9265492749082835	-5.06699302025586	-3.083405535494496
0	-3.980308971471697	-5.503953840967087	-5.045093539574754
0	-2.7593541825940915	-4.204870698783374	-2.9840240392507718
1	2.8225583392541203	6.145442179135976	4.0204289410117555
0	-1.7502627777902002	-4.219436457693968	-1.8827195754062134
1	4.324152274930829	5.753047299967753	4.38093025082132
0	-2.283653497755752	-4.7116733349903415	-2.785821262275683
0	-3.9512264956868486	-4.451584296757997	-3.516005377257288
0	-2.629783198958856	-5.4572314931904575	-3.0925557528501733
0	-0.09291447226310427	2.2719901333882375	-1.0302705237661758
1	3.8469841078894578	3.742914630627239	1.51388039407934
0	0.218602525496534	5.266039640359931	-0.5044384930484979
0	-1.4215073233605304	-1.7362195540264715	-1.4595434544731665
1	4.587996143809238	5.776783431961829	3.813120393201211
1	0.8567880200126318	-4.47510155077932	-2.17472061984702
1	4.481509257657851	6.486908755577566	4.1962867972419176
1	3.5031294659581573	4.789828979414706	3.6297354400179547
0	-2.957926394549612	-6.73250095788143	-3.441898443180532
0	-2.3437573372421827	-6.255602993251729	-4.26799671524373
1	2.7334990593409865	3.2232358994072388	0.5973504810805715
0	-1.4198503006888052	-2.0745064144584053	-0.8409880567946334
1	4.784372522560722	6.1792380501213975	4.343727867352095
1	3.143334758944634	3.491599575874763	2.8551901001283913
0	-1.981406353071804	1.4082992499090283	-2.7225824365899167
1	3.3831631611264816	4.74089472770986	3.1966480008130143
1	0.37776518103773	0.7112968926957167	2.0047358547652547
0	-2.902005389022069	-2.7026061261191936	-3.3000434806196153
1	-4.319864873145678	-5.6068110992073885	-4.0312935575847035
1	4.962684100059923	4.831060447544136	4.138345356672199
0	-1.133499279013589	-2.5754545975888745	-1.9702185563006946
0	3.1713002311500533	1.5182957374922685	1.6200820590658307
1	4.876591854850883	6.293326163277339	3.1744851058517387
1	1.79414125708121	2.4797195822407216	1.4795623910467315
1	4.228588832774321	4.463648113194522	3.5703229415820394
1	3.72696615737869	6.331627739753816	3.696727613931352
0	-4.405792882953602	-5.048193246854132	-3.7402940787069987
1	3.7019278608145463	4.408074604539761	2.8602255933208967
1	3.0836355630463177	4.776727721841049	3.235004030587104
0	2.7897289696067467	5.096407628725951	0.36504043930771646
0	2.594609822450561	0.8312148907224199	1.5183557778957981
1	5.188722378565842	4.4756398629185945	3.496333077859183
0	-4.372328067908431	-7.65209910529531	-4.390314776830062
0	-2.29557344946019	-4.027914197202758	-3.5904651602286934
1	1.8688918746325456	-0.29453785816821076	-0.6397520289790029
0	-3.6317556339858954	-3.0194225416029696	-2.7913184841950116
0	-3.0390015528870102	-4.5354989216843355	-4.192137035765054
1	3.9187598288008396	2.216520189653259	1.0994090035693316
0	-2.310798169582663	-3.631532449966969	-2.483917801318679
0	-2.0801934339831862	-3.5853820043588125	-2.064482967001224
0	-2.6386498567125374	-4.472758977476078	-1.7924599434785213
0	0.3259876057267834	-2.7430081256120347	-0.8319186251938154
1	4.810661132338505	6.001673979579812	4.559722704897626
1	2.040618025021638	-1.0681071409329292	0.058582146379662955
0	-0.67755497850021	-4.3609384885921925	-2.4986707537258255
0	-4.4843489821883	-6.545141441489873	-3.2497685862235115
0	-3.9701186431257094	-6.258214029070902	-4.401740992106936
0	-3.795738474698753	-3.8631767763310645	-3.106313587903089
1	2.713537850272929	0.1446444857437896	-1.8338555994164745
0	-2.0280394773480888	-3.9966390704843024	-2.049270082382355
0	-4.855030814950318	-3.836782241205228	-4.3131040091385
1	3.4388691888739147	2.596971460512617	2.9922520983070626
0	-1.8607462638220285	-4.087178350487085	-1.9872211188218605
0	-2.3808184854947823	-4.043148720874663	-2.169399880137258
1	3.5814556298568796	3.566407777803938	3.1693746776580083
0	-4.15134759587232	-6.528298478131121	-4.324045820880577
1	4.67957770699136	5.222737704056301	3.9924779545939177
1	3.9803094062105036	6.462249094365549	4.054222727298585
1	-1.025194319594293	4.1656908934403605	2.388193838625017
1	3.2248689968196698	5.462925987158531	2.5530150716499618
1	4.956315302337173	6.381938318546424	4.482192765958353
1	3.011279852252719	-1.3017810488212722	-0.06808249158904903
1	0.9929396058391026	2.3542655726186554	-0.056195953410468666
1	0.8195595602253609	-1.5289333303745445	0.7898887793386672
0	-2.4154949947068354	-5.422730635545124	-3.3537645183793954
0	-2.713319435933809	-4.335932536557759	-3.243522044627254
1	-0.9637925213783431	-0.0999070672074236	-1.2640223515266897
0	1.2034113460749418	2.3092260580504766	0.7980009133579402
1	0.998581003314388	1.3457127404589737	-0.6285849732460426
1	3.9919685027857255	5.271574766838368	3.75055299036367
1	-0.7500317588016896	-3.1553291755173487	-1.6962916140958153
0	-3.9709666502710075	-6.421274496366869	-4.3384246640899775
0	-3.709679637538072	-4.980436982517945	-3.6493721450156107
0	-0.4698376388623068	0.8717948566604196	-1.0788108934989211
1	-1.6562458896441166	-3.3896771453966434	-2.538904999756525
0	-2.634264769868909	-1.7383615354112054	-2.6557915695369956
1	1.9480234364105904	5.633785659141493	1.759139288306233
1	1.3919292353696697	-2.997753593058255	1.428590809028768
0	-4.669425384756972	-6.035873629412893	-4.459454051563952
0	-0.8443873775947823	-3.3970312859664675	-2.659543124025911
1	4.901623200948244	5.152254595568238	4.017028091121409
1	2.0373887908599557	3.356147365926585	1.843515883708845
0	-0.05857750352534636	-1.7431481771097102	-0.2799907658328029
0	-4.687916124692569	-6.881918595139486	-4.2659993654362705
1	0.40028231452963353	-1.5825664858328095	0.038839099749072306
0	-2.1939814669919246	-4.50652145421509	-2.720044952940519
0	-3.778705863658208	-4.710318875254913	-3.5319486929851265
1	0.33289482262759673	-4.058257449182625	-0.5326115334497364
1	3.800076705249925	3.7186153492876506	2.9458101771686502
1	2.718162716062506	1.2089668475871171	0.5373793665114758
1	1.3659491744099828	1.895923668775705	1.1800165605293962
0	-0.8062741460913737	-1.7164816851599747	-1.5286581091300269
0	-3.7238843202576897	-5.96565903507464	-4.650106934366278
1	3.9873282913448236	4.9255738892187395	4.285282483199958
0	2.855196859940357	4.0132721576707	3.572401336246143
1	4.101833586118639	8.087894567280776	4.450061432946423
1	2.7355929110193222	2.844483511361355	2.833455122639776
0	-4.067724418366655	-6.2759631356245285	-3.926453946478239
1	3.725010657623812	6.6661300602965206	5.10073745731809
1	4.589224825207486	5.875033687252666	3.1815685378172813
0	-3.844212208510225	-6.887552723674338	-5.084724416465237
0	-1.6065238904399173	-3.403330364374617	-2.436386664099607
1	2.31387332378458	-0.8660219744550967	0.34453561110056274
0	-2.119445010071447	-3.162465554574994	-2.478190445640132
0	-3.5734929963881505	-5.660594078517856	-3.9281746950500884
1	4.443938583798448	7.2909375711726625	4.065737634658177
1	2.96998317801787	0.8318282070945537	4.024075825342734
1	2.236528167886981	4.443684405529679	1.5791109607997826
0	-4.854187493744091	-5.7566561844304225	-3.4177784084404172
0	-2.0554868885195114	-2.1387921319456664	-0.6236611215307952
1	-2.8024028634986897	-5.31073356468537	-2.764487260907026
1	4.421906689488414	5.850558666621676	3.7549400170146234
1	1.9105848711180022	4.299457699524383	3.2196372940487907
0	-2.8625135885649526	-5.58483961823326	-3.1208945997848105
1	1.319617744427415	4.752924245854587	0.8447333457693631
1	-2.5828376501953465	-0.9846414881698144	-2.198205943732616
0	-1.885275694781465	-6.074043293904612	-2.0225224695876864
1	0.8208187354689401	1.3336371652296697	0.9361866990507548
0	-3.82926482256133	-5.18757589597048	-4.007699110335219
1	3.374586847399286	7.815869667181592	3.3076856839504463
1	4.894828557340439	5.444544607081624	4.614955960375559
0	-4.315313876909906	-6.178756156786746	-3.9302730876609315
0	-3.143035679119051	-5.137162387553632	-3.9052756864970015
1	1.6441590663043901	3.6157258163718624	2.0427735496952746
1	1.426827151071774	1.3971223547116247	0.9483287004847254
1	1.3481793211300488	-1.3200041162110092	0.20522487874990436
1	3.1244674206150287	4.588420647114267	0.861340961898509
0	-4.124353673666084	-6.848149312394035	-5.281609495970419
0	-3.078265419511877	-6.105938612250098	-3.339044780084061
1	-1.0267903644577692	-4.481265512783285	-1.1976647696047475
1	4.924536362621075	5.710463572596857	4.306530449933919
1	-2.833265991409686	-6.471732185724105	-3.7286854120565147
1	4.587878706773565	5.876475957211	4.599924283035192
0	-4.710652622868616	-6.487141187454072	-4.474244427198213
1	1.8531902119383448	-0.9256361512748191	-0.10005297783357771
0	-0.16754473992830574	0.2877487857818591	-0.8362137958958539
0	-2.0013011778371954	-5.643714850568436	-2.1776099198180403
0	0.011900289512154038	-2.6343433253224897	-3.0944072479115223
1	1.7248061114471949	2.6644259766969345	1.4741451235181628
0	-4.170985108991425	-6.236812006498855	-5.31232559600872
1	2.8162232096160253	4.882803266973113	2.4095836553393006
1	4.085089863188406	4.50609205283317	4.209902550961709
1	0.13990023922582245	2.150666286486294	0.4731319043337616
1	-2.4234471980189136	-2.5028039692959108	-2.3362954353345446
1	-0.2471343655950625	-3.974877768184932	-2.8856964473588302
0	0.1866337406074083	-0.5958180913996018	-0.5292710203292696
1	5.017376201448853	6.799376945767016	4.294867041295553
0	-0.06799071047225204	-2.940888544233994	-2.032781879465896
0	-3.195864976390899	-7.5584549927987545	-4.07125777314379
0	-3.6792511329715882	-5.84195635937528	-3.8540930626610828
1	4.174469575649657	7.253150645731578	4.234114328870126
1	-4.003081508313737	-5.8979539792247	-3.6334464880147137
1	3.588224704381053	5.274611002848296	4.1183346039618804
1	4.04134701842411	5.908366801444293	3.751044917014679
0	-2.5689581711724983	-4.125020789680969	-1.7372140626731711
1	-2.2055396824822155	-3.8051234122709565	-1.2222125667891381
0	-2.6754656591014276	-3.1348527522790373	-1.9826547695405985
1	-0.8123158917845732	-1.6262108265879003	-0.9870608949579031
0	-2.8104728150778193	-5.029409756256936	-2.6165053182367815
1	2.9581279613994043	1.882954050973826	1.3937514859649949
0	-4.4177379895895434	-6.822811640580826	-5.017857304812606
0	-4.075261538019482	-5.012472645637773	-4.838709801776783
0	-3.084683406312478	-7.3119545802933255	-3.437464804731624
1	4.587878706773565	5.898664775505493	4.524117548696728
1	3.311526602546542	6.817147138911595	3.0334663409553997
1	2.3892429094545724	5.772659456979523	1.4276563717368125
0	-3.9667917600037343	-4.253415972317466	-3.7229068589519967
1	2.999899120043747	3.8124228982122554	3.325593321181697
0	-3.9605871948909583	-6.443983874219237	-3.9087946826991424
1	2.091972845008405	5.405976679014596	2.719882346746435
0	-3.4541773155819304	-5.620731712109027	-3.3188099384462
1	4.648939605885245	5.898664775505493	4.484699452755918
0	-2.4667490727182426	-6.566956013228099	-3.0007733683188538
1	1.0148737505697951	-0.4718827710073997	1.398616777283694
0	-2.7848192524979702	-4.938889237784561	-2.951784412100026
0	-0.5108081486814252	5.232258409420487	0.8591879142995837
0	-2.5655646567807535	-5.6387412467024856	-3.201896065312529
0	-3.6175581343815018	-6.090981347806225	-4.494880948609194
1	1.2723947250011483	1.7248975269969522	0.8123116121704472
0	-4.947390058114153	-5.655998862421409	-4.7462726346147415
1	0.2737736209875287	-1.3419050662333314	0.671492048338461
1	2.5614992490652684	4.0295935632528685	3.080474892965451
1	1.137267809783116	-1.98828935114759	-1.4776180861270407
0	-0.14204771957993162	0.9385896721448412	-0.5220945930702853
1	3.2500680689772876	5.735489875100495	3.4827828142295054
0	-0.3337967642080431	-6.068369570694526	-2.574111533859376
0	-2.1808046731280255	-5.593174649141442	-4.390844670622149
1	4.2417333684709275	3.0157561803441983	2.4903256655422843
1	2.7494013693312875	5.016535118855973	3.300075480430462
0	-2.5461747320219215	-5.8367484981048	-3.226148411555799
1	2.9920914842198014	5.861756819201364	2.72071077305648
1	-1.8800688398004617	0.8156130400653154	-1.3334067368455138
1	3.729929405037474	6.3431352826340675	3.504406430161137
0	-0.6196510259602317	-2.7092018417300894	-1.8232608917187054
0	-4.414085181173351	-5.6284269630416475	-3.6469838071316043
0	-3.5831849968828093	-6.591692011950169	-2.927335024789379
0	-0.5677896214176061	-1.1612917890344856	-1.7754246528279123
0	-5.131573666681711	-5.982450017681068	-4.322479231696192
0	3.360118444808945	6.915318533390934	2.0852835538258194
0	0.3587983189900011	-3.4785494705599933	-1.1607581334301538
1	3.162617374198542	5.714034664939791	3.454282424887989
0	-2.761698958441181	-5.132632995444054	-2.9234568701796797
0	-2.6849357148008917	-3.867640081185524	-2.4577494323834435
1	4.901623200948244	5.879087937363043	4.660493401885523
1	4.962684100059923	6.631312805692015	4.562002214160884
0	-3.589076925425833	-5.552023260763272	-3.659873179539511
1	3.3068436647944894	1.0479644360020801	1.798711914869289
1	1.0421683028233397	4.437497765533453	2.473776136295943
0	-2.5112341080001377	-2.3568510404227605	-0.8050995702195632
1	4.903247311251883	5.002240591779502	4.596954555417254
0	-3.2619192023563803	-5.7511725661923645	-3.704750528691784
0	-3.860849677586049	-6.087582700617164	-4.455236107300239
0	-2.733169627889141	-4.779800036732052	-2.872144753817885
0	-3.3908389994337496	-6.335507991709647	-2.9404758710190264
1	3.5333432531933022	6.584664589946333	3.3796801940046284
1	2.5725435218153545	5.422070657087048	3.0829853910110576
0	-0.9667607897260069	1.338286587245339	-1.4034630057810444
1	3.958568348207135	0.5372235967640666	2.355143750872716
0	-3.867345176250814	-7.461339021940649	-4.072078565160037
1	4.237311190642525	6.649072152664761	4.252990092565013
0	-2.5411783854297116	-3.2951481598182686	-2.361215342277984
0	-0.36879103463421686	1.6224475408295624	-0.3985407625501663
1	1.5346553062017525	2.1303961948225885	2.4149552094024065
0	-3.3687397355513498	-4.790854074965374	-4.434453923854238
1	1.4111470285419958	-1.651814946919214	0.13443302494405607
0	0.9343371004190267	-0.8428305100258097	-1.0646784557155007
1	1.61499026934552	1.3529612081056128	0.40555525404070153
1	-1.1894134077845022	-1.9328275967113993	-1.5194103033371928
1	2.977460205333789	2.728932585376546	3.416748598324012
1	1.6263152170528712	-1.5655558861425034	-0.1261115957479691
0	-4.595816320052722	-5.2798962241581755	-4.160184660858347
1	4.021152083921724	5.053680601141499	1.8388839766757472
0	-2.099498658524387	-6.492313913645147	-4.282903611773838
0	2.1105833543498878	1.7316059428718638	0.22300265116720344
1	0.79563963840034	-1.7815566826037066	1.136024674609696
0	-1.877588375630349	-4.027153048721875	-1.9130909052006069
0	0.9571440700095041	4.785444552241383	0.0508807095972674
0	-4.205264144901678	-5.833089781443386	-4.197369835329161
1	4.766073980149074	5.76568829187205	4.318088852558266
0	-4.410265553347856	-3.161352800515277	-3.5140883903594426
1	-0.34014636957509936	-2.572155864222084	0.7885182908129933
1	4.962684100059923	6.706617039328173	4.7355712277746225
1	0.7970501133330565	1.1654233791409758	0.3469255022737076
1	4.901189151970521	6.377310040528998	4.3014072090756335
0	-4.458539346751667	-5.291626689290987	-4.193309228017739
0	-0.9159575478656893	-1.1925418996780173	-1.9263520238297511
1	3.674826181722768	5.884991245280696	2.6365452051601843
0	-3.365515921097884	-5.458050504375652	-3.5712585304571003
1	2.2541866357020277	2.1656091974985845	1.9436907019637044
1	-2.259092512966591	-1.6859035208847846	-0.5573434170007465
1	3.9937163875478934	3.7765044691152774	2.445424594619857
1	0.08057871131115467	3.870804945548564	1.1284964279777911
1	3.6160420901026877	5.00000973833348	2.9837456587386195
0	-2.75111752456071	-4.908901444993313	-3.3244838475929517
1	1.8017121909204152	0.49520316719075247	-1.3365443433429243
1	2.2875466564931854	4.451319323980399	2.1771319673821763
1	-2.7247145479035297	-6.394939916089337	-2.2348511114953267
1	1.1167725583133166	4.331707716079586	1.0589213041156178
1	4.773731157360277	3.7217823330208573	2.872956023985057
0	-4.416514487383753	-6.69833692822587	-4.082888344572458
1	0.6868491886825704	2.862627454523915	0.7556548332531958
1	3.402738034863288	1.545131900564826	0.8107743637652473
0	-4.547125539696763	-2.347400302639925	-3.1651385089739157
0	-0.7187583540737817	-2.357290513316959	-1.9761202492334493
0	-2.8585257377110644	-4.053006066465127	-3.3447910165242067
1	3.5645633680190745	2.5199605134018	3.369801719651069
0	-1.4972885890094836	0.1732617229808795	-0.836821542659851
0	0.9674540264218336	-3.8761759853812396	-0.602608080440272
1	4.342090634953281	4.355074192180901	5.007650628984348
1	-1.956901131145556	-3.6715755639185	-2.1762563911898685
1	4.798714876515796	4.6432403113728755	3.587681922472218
1	4.901623200948244	6.435707287911336	2.8712659968290546
0	-1.7792077128565924	-3.831129315820708	-2.1925604571153303
0	-1.5547723227926922	-5.825110354806658	-3.26629320821355
1	1.820917080175521	5.115445646523569	2.5809942401794563
1	-1.0861946607936916	-4.0596521194827595	1.55363077322538
1	3.170614603723678	5.259417674809096	3.325221966242302
1	4.07623747412946	6.244703289566593	3.632889225210895
0	-3.7117597246227048	-4.775469113974353	-2.9920631408812124
0	-1.7703181142662887	-4.295513263329642	-2.4424004191263697
1	1.6931097623698197	1.898162397736103	2.2956674934934487
0	-4.649422547699303	-3.9419413761206106	-4.1532251302135865
1	3.2236006143293205	3.421555919588175	2.0092614156749504
1	1.7911557442694879	3.735606948260522	1.6584681626388282
1	4.475321565315791	5.860294698724801	4.042132380663619
1	-0.8382399089331632	-1.3633749430373843	-2.134461182226737
0	0.575685273082321	-3.478726074528913	-1.7226497105446446
0	-3.2879171918722645	-5.651108201982947	-2.4145392023615497
0	-3.6561290764470535	-5.179564729200999	-3.438533928139468
1	4.864468432048953	5.363384355528685	4.392858400305451
0	1.3353455902188418	-0.14945538611783465	-0.47828820335541544
0	-1.8672167288259605	-2.120518837860713	-3.0332896425964244
1	4.618624427939442	5.439178543240901	4.55726817623021
0	-0.43507229589323965	-3.8048890398756114	-1.870962600605106
1	3.1375014183191876	5.961224482763001	2.3274761028975566
1	-2.0736947185244765	-3.464438485003752	-1.7830076429978392
0	-5.412785504308469	-6.151345107275212	-4.44617914537076
0	-1.9423608356662407	-1.3569997305442048	-2.1922269121702875
1	0.42423141713249035	1.5640354877423528	0.041280406031480595
0	-0.7491955745927187	-3.893865698829972	-3.3256927975138617
0	-2.329712484976905	-4.674228064437812	-2.967885691502548
1	3.5574977742385454	7.036454006919912	4.275469791576163
1	4.257509536650234	6.35467650698947	3.891237765420421
0	-1.7876058560459576	-0.09294618749275019	-2.42246606273803
0	-0.1527255492808086	-4.199632497710498	-2.036118307764539
0	-4.229524838845332	-6.170887040206916	-5.127907510522528
0	-2.805222861335736	-3.51948606316576	-2.9892734135743972
1	3.9592384317523193	6.0863987374738775	3.3020856689901135
1	4.824292948308432	5.790662563041308	4.620093757119687
1	-2.646354979018094	-3.71210196645624	-2.2501102777828725
0	-2.072419411309984	-5.62075224383609	-3.318028427352896
1	1.9620467201855474	5.71215097308469	2.2304290002251284
1	4.577655869403241	6.128912225631685	4.732246005462739
1	3.403498157111783	6.181909713838809	3.444208193169154
0	-3.8930378248390283	-5.000352742637155	-3.8931547220064027
0	3.3230129309271814	5.877383924264988	0.41636206198274744
0	-4.034783329810334	-4.777631822348167	-3.297745436894705
0	-0.0696956456669879	-0.5701975733053488	-0.3515606764317372
1	3.4009116332843803	2.429188579198077	2.202481428644278
0	-2.947738770174203	1.4460822000011873	-2.5904673751661886
1	4.056018193090467	5.867141611284871	4.196381996075181
1	2.763075767181885	4.517231209620172	2.762390701365595
1	4.390456280002632	5.388644126976435	4.174370421782785
0	-3.540876132767384	-3.5798329358721035	-2.664343613689791
0	-3.3312330827772914	-5.5551001697614995	-4.168672080751929
0	-4.059496087407904	-6.592968811501888	-3.0752947022923123
1	-0.1801270592675559	-4.465202831701007	1.679043696580289
1	2.3260121608421733	6.28823522224266	4.614663800179647
0	-0.5431015970174347	-4.780930796145656	-2.3043783891030047
0	-2.4118440384204063	-4.949172378120772	-3.8083632616984047
1	-0.5238986458535642	-1.4954753039299802	-1.6118750984006345
1	1.4872607499627624	2.9068896665169177	1.4094981672450329
1	5.017376201448853	5.115279120034608	4.007269625749735
1	2.2065839852263958	2.4311210797994667	3.248644974132176
1	4.309153283014893	5.984156809495116	3.8731264201989712
0	-2.4774574564030294	-2.803501810437675	-1.4259626837689887
0	-2.992170880249545	-5.552672755751265	-3.339692968686268
1	4.90182759434236	6.3524954074672015	4.57972852511306
0	-2.47552441032198	-4.333459761748403	-3.934726181039663
0	-1.7417187841100537	-2.367246297762966	-1.720063044649701
0	-4.475962224164439	-5.7281082605220925	-5.168593982106686
0	-4.363440029632654	-5.8974716051644736	-4.208772760757738
1	2.7155394874918892	5.245056369191762	3.514685765718997
1	2.494670668101271	5.269820674705479	3.383158211562985
1	3.745973002126587	2.6701162911172163	2.568410073151822
0	-3.4387954032253303	-6.07492961345416	-3.971815847508516
1	-1.4316530926952602	-5.117284426970871	-2.684387734387675
1	4.738887550274172	4.445466305480513	4.036663183022484
1	0.5754560805496964	2.024662830301505	-0.35443588493030914
0	-1.9370580032904474	-2.8101083580820414	-1.2568310180828135
1	4.532792983369937	5.688059067521939	4.697820319961586
0	0.5121849771572304	2.4568782670134457	0.6938429576667601
0	2.4366135924006462	2.114408155002407	0.8039583764453699
0	0.9328909863111907	-0.6513219454589267	-1.0783802400497697
1	-0.19834528792238496	-1.5895497006927193	-0.9038157666033263
0	-0.17717389125773864	-3.3080046948146062	-2.578026230678107
0	-3.8256505810570225	-6.293774418325902	-5.093512762136244
0	-2.168586686563315	-2.302735303613305	-2.0319489928667016
0	-4.1527439128393935	-6.71184879965241	-4.011655097641119
1	4.1152338647749405	6.38039141452065	3.9945826647874974
0	-2.592500384370262	-6.270205209460009	-2.9304628317189185
0	-2.9709245350393427	-4.8820032362581385	-3.223186315656397
0	-3.67222837856097	-6.318586652628177	-4.49238495894704
1	3.4739564529560782	5.561829652797378	2.943333530995517
1	3.1192398976275952	1.8901213744085235	3.3429180112998007
1	3.050441435317871	4.8499038335872715	3.6457214679988152
0	3.909469647744176	3.477304490378571	0.5694790246932406
1	1.3090669273912088	5.657794332640411	3.161350420126717
0	-4.379603064850311	-6.820750052925061	-4.109664240238421
0	-3.85515036604512	-2.9020472480407875	-3.464049693547088
0	0.17535881106005227	-1.3666936548151352	-0.9504443571352373
1	0.7337636720376776	1.4222242184155178	2.0880272848659387
1	2.777136367617594	2.686018815434077	1.0454837660942455
1	4.7172635232441005	5.993294950168604	4.47248469533414
0	-4.112976788992248	-5.202969594893994	-2.731193196922289
0	-2.5084621298811394	-4.2936380750713345	-3.198997490145851
1	4.627770037003411	5.6569243339702515	4.329738970034311
0	-0.2048035941105916	-5.416015194563028	-2.4851152197177373
0	-3.68384090624535	-5.223040954445446	-3.5828369558966338
1	3.1208256766531024	6.687066746740476	2.5097200030931117
0	-3.9293158665959775	-6.9075727619071765	-4.275329560552221
1	3.775227177590963	5.760736725905872	4.702160554403107
1	1.9904386308485726	-0.4967162064714169	1.015911192397243
1	0.18408589500517095	4.416838458046395	1.4094900817527334
1	3.7398111307610153	4.02162669200402	2.9639552609031465
1	2.5961261716789172	3.59823092092368	1.489597469985639
1	3.7205350762020335	4.538912946044512	4.910461896727309
1	3.587758849112625	7.098801487670888	4.742897144671724
0	-3.839059496488666	-5.637664720811818	-3.751373245352548
1	3.9184212199650146	3.6977553475572034	3.3922900756823617
1	0.7513633687173846	5.1073963701421965	1.4019839436397987
1	3.821400643897859	7.686899098712101	5.055077695536907
1	4.901623200948244	5.839367522268199	4.6903050172861676
1	4.309832610637095	6.102040225838458	4.826695670694671
0	-1.6627364821734134	-2.493243275947148	-1.6176283408610947
1	1.4045211383622498	-3.7765907178801412	-0.9171087614939034
1	3.832103667383533	0.8809001757728598	1.6915485700180386
0	-1.9891540457626842	-5.17253450103921	-2.172296550495918
0	-4.440270102776268	-5.434401275714282	-3.7624981449919814
1	-2.6701257247839814	0.8456972515373735	-1.9949217233943006
0	-1.5425663418696136	0.30925556090713824	-1.834741680628151
0	-1.7401086693578844	-4.6241993455967005	-2.723698581216285
0	-3.7629206221685245	-6.864483405566348	-3.9425289295191197
1	3.075414385812994	4.262867651002242	2.583725775737338
0	2.3161830669670462	-0.520566413821856	0.7947082551525194
0	-1.1789881954237862	-2.9460600520838223	-2.0777691679913275
1	4.661909246397881	6.128038171163358	4.640546379426241
0	-2.8816415375654776	-5.662804908673125	-2.9137007819065333
1	2.6321294306355307	4.282316342578216	4.215718487870181
0	-0.5862430003495469	-0.6347851886599781	-0.6617945912014587
1	4.096219088009628	5.229062906544603	3.5334572344076842
1	3.4510289983836744	2.7378225341131257	2.687998697675043
0	-0.49856784037562785	-4.271369799359437	-2.233458451172612
0	-1.5110772923894802	-4.244525816665823	-2.0331881899009203
0	-2.926972192553923	-4.454067399253434	-3.550514781443501
0	-3.8127732582920735	-4.598976022899096	-3.7840496124237903
0	-3.808771222073462	-5.8354012843522085	-3.689567052300322
1	2.690488567582537	5.54699975301563	3.3988264648373234
1	2.8947929455999586	4.09980302171674	1.059885958947872
1	1.580277961313407	1.6410096773599876	0.3617288763854185
1	2.0678834685594727	2.9089217815009825	1.5252683157268652
0	-0.442572551457779	-6.4278761248165255	-3.2515076785325636
0	-3.362563457797986	-2.656351702301524	-1.7204621130053233
0	-3.6924193330258657	-5.330462846113745	-3.5261288209567416
1	1.268507370089966	1.5253003475315563	2.061689970961746
0	-4.938565672633389	-2.977452284629536	-4.35629786223811
1	0.2388389094246346	1.244297986980897	1.663870903751304
1	0.9815679518573472	-0.09501918416053921	1.6928626848287254
0	2.5039473432882176	3.606264431622982	1.6941213777901623
0	-0.7572595692879197	-3.2988044893098287	-1.4653561834220126
0	-2.2838672533486375	-3.0859049132140037	-3.309244303114689
1	3.816126136605619	7.2278981238382	4.827821928830284
1	4.583463745296285	6.167183218843358	4.103412371474124
0	-2.2695642102006675	-5.383943344609825	-3.320207397159056
1	1.6688846119294936	2.853225540177496	2.0074224780820167
0	-0.16627011784772108	-1.0082537861647802	-1.062200987939038
1	4.60347794930366	3.469604301674506	3.9832893726014196
1	0.2829766221073461	-1.0684664101453731	-0.7720426846851693
1	3.484387319030289	1.7049562446962934	2.243943518889692
1	2.8355592469512394	5.8478016698101225	1.4598055591292045
0	-3.3836730718866046	-7.231693165165577	-3.994624977368206
0	-1.0418716897130285	-1.5033266531479557	-1.4459651167604695
1	4.297023462273898	6.283058324563361	4.145113479760418
0	-1.5202751659776177	-3.6107816824116945	-2.62631869383096
0	-1.7315683665200376	-3.2180163661187056	-2.206734669866004
0	-4.648412723780392	-5.412934100950501	-4.952395537157592
0	-3.178510627187698	-5.114388005680375	-3.471020407051612
1	-1.8162279494366598	-2.7694182329518373	-1.2080402239265753
1	3.8561072299168773	7.584277488918315	4.702843364541395
0	-3.6313718544659443	-4.956123713538181	-4.452000805983892
1	0.3655347079044581	-2.956971156634392	-1.2097834823892974
1	3.975767928481222	5.876399182763135	4.207145692914842
0	0.09018363525388619	1.6237391581640481	-0.6487019652655756
1	3.9491868192108486	6.672554625275621	2.8678030505727885
0	-1.7881740351009692	-5.4481778775793845	-3.173591347574402
1	2.522047123585207	5.516501613389255	3.5649601748786806
0	0.8147459469038205	-4.198431598336083	-0.39226371280258493
0	-3.2402237384166894	-5.941950459582788	-2.29776474161809
1	1.554945198404266	-5.396898045616677	1.3230317476531932
1	-1.1060091531228604	1.0230733819519917	-0.13353832233620952
0	4.131411080947927	6.3293894271222495	3.8697230543838304
1	0.7601536762125232	1.5821861363023113	-0.27497886758401396
0	-3.169780313658246	-6.283343798884887	-3.37481744705358
0	-1.6441028760302447	-3.885433984772224	-3.232448229091653
1	0.2762289344228501	2.238772216345734	-0.01597946671768083
1	3.192213389991403	3.8411629158854375	3.0637263493564846
0	-4.000111520262275	-5.4633989582930225	-2.2363890156337347
1	2.8329393564300327	3.7308805947989154	2.605504013216869
1	4.7363911006701045	5.347522804830702	3.0134724601760134
0	-2.8775152704720357	-3.5585994368083655	-2.996302334375801
0	-0.8484220803560409	-4.888300106964543	-3.547840811257369
1	3.0097389281012967	3.2440809028163677	2.5347285040877225
1	3.918212638057804	5.2843327661842805	3.3080686524502925
1	3.3503017075133994	2.3245186220031413	2.6396682685534847
1	-1.5290146487947165	0.45136036567087023	0.38467485977227983
0	-2.3240636543188145	-4.907775033315636	-3.559013714116376
0	-3.0495889802597786	-5.715511855634137	-5.229450481676628
0	-3.4858479115185235	-4.778334960976041	-3.1920063708794717
1	5.425035284632851	1.909337125413189	3.8641637698974587
1	4.128537978118272	4.78082116451455	3.4341217866988645
0	-0.9912915903940712	-1.9019816850820932	-2.014299355705118
0	-3.024933548288186	-3.527309388448745	-2.6835442814831225
1	3.0479898027319408	4.10685239326986	3.159780651788062
1	4.232261924254698	4.77066578799217	3.3776832416751863
1	3.9468456951970716	2.1724385446524956	3.3735131156101312
1	2.4809312827671546	0.5231892513384069	1.8339455326197098
0	-3.8396186350784904	-6.092340830924909	-3.6517833708707554
1	-1.7949061990901198	-2.1576816177948106	-1.5895035158896176
1	2.7107520716195403	2.0169367423408717	2.2353103847872644
1	3.926267392233144	5.037026606971998	4.4158718820362655
0	-1.8844512642948776	-3.981226936661436	-1.794803517714349
0	-3.2905737828567347	-6.6801855513568835	-2.5398710315199824
1	4.122257307611922	7.745824632413283	4.694165026324962
1	5.017376201448853	6.443978180496985	4.5401593234792665
0	-2.0702945221359625	-4.105516914720527	-2.823194779543854
0	-1.766851039624255	-4.972581526911732	-2.72591468825595
1	3.035270002945167	3.302547113606162	2.276647967796872
0	-0.6614356293909982	-1.5976725525100477	-1.1592585318812825
0	-3.6505542253757484	-6.369668502662102	-3.74970638426324
0	-2.8884875253416364	-6.7899938254787084	-4.566971716384872
1	-2.1064234475905814	-1.5773475585029342	-0.701801438038049
0	-3.54094799879724	-6.624763255402014	-4.0750494398064285
1	2.870703193168738	5.413108605967784	0.45036038367539577
0	-2.8689384385482866	-3.018747227173252	-3.256132190134892
0	-3.591762195822603	-5.86556699065501	-3.626378067059665
1	-0.6213241487305087	-3.751062730912861	-1.1824312887325545
1	-0.43087924561148255	-5.186502437253801	-2.9803694325736925
1	2.9335831359159665	5.211472580358016	2.748478164677885
0	0.46948584857323117	0.9129679577897765	-0.28277909664467366
1	3.20023169145519	3.4496082015076657	1.1842295934985152
1	4.144084516015815	5.662816162094568	4.369338286595482
1	4.955889456452119	5.961824532147822	4.134612115376736
0	-1.9897498322852096	-5.058338473418987	-3.999239886861989
1	4.555704854503596	6.158173544037371	4.627827064556808
1	2.397593876218059	3.7606270952040886	2.5586995078719137
1	3.681112624390421	0.6821586347507002	2.272663130975202
0	-3.635951074270948	-2.509683415055514	-3.389991633576042
0	-1.4430024132731125	-1.7250470783438148	-0.3211304171620341
0	-3.6362082246870884	-5.122054124138574	-3.222418417963897
1	5.017376201448853	6.870668099035085	4.3985002918159
0	-4.5849946488150755	-5.680444346616035	-3.7970252584552813
1	-2.061542014729678	-3.875880281685541	-1.8991957517828884
0	-4.570495755221619	-4.956319547800817	-3.744383951609095
1	-1.8691359324976224	-3.4811216157025	-0.6250923651475118
0	-4.166944863743852	-4.143214326323923	-4.021400097654286
0	-2.102735102391591	-5.038391133229867	-3.472979614161746
1	0.6749867751614003	1.5332933668268942	0.33716978001539116
1	2.090659338028862	5.008670038047634	1.9795120681721328
0	-4.618446799398391	-6.180368287507926	-3.681877426282193
1	4.57138190084299	4.935238618053476	4.521241328726076
0	-0.06281829700104817	-2.412142533981837	-0.5606712111003354
1	2.958137804655244	4.661311023577049	0.7364396865455914
0	-3.1212157621405834	-7.404870640140077	-4.656652896466129
0	-1.6998421903266878	-3.004346708337419	-3.1489532837433587
0	0.3468213940382346	2.586348236802199	1.542544208846981
1	5.378519594120233	3.7959223287711548	0.5520826880216758
0	-2.4998691144003895	-4.576997208846921	-2.081231995922379
0	-3.243408724187137	-2.6902782090056965	-2.817677066496725
1	-1.8999886517030842	-0.3099262014766417	-1.1853993712248418
0	0.6431670679210462	-6.285165912417523	-2.3039407669972887
1	4.956315302337173	6.385536005528714	4.746038697171664
0	-4.84999284888619	-6.201447066407278	-4.478527062834738
1	2.0821523932598835	5.537545623700901	1.8480406256693114
0	-1.9489927024693219	-3.2672634091819672	-2.1700294723106826
1	1.6599985730424887	3.414562792620459	2.032981802105543
1	4.754913462306896	8.506702985962711	3.8991846835041506
1	4.607037176812365	5.8598359346674025	4.42661754664183
0	-1.39575308669058	-3.243157285367814	-2.1558474204599625
1	4.194041913634616	6.486241304944403	4.192252155668131
